{"cameraMode":{"drawMode":0,"name":"Shaded","section":"Shading Mode"},"sceneLighting":false,"audioPlay":false,"sceneViewState":{"m_AlwaysRefresh":false,"showFog":true,"showSkybox":true,"showFlares":true,"showImageEffects":true,"showParticleSystems":true,"showVisualEffectGraphs":true,"m_FxEnabled":true},"in2DMode":false,"pivot":{"x":4.3090291023254398,"y":3.3072361946105959,"z":-4.1176652908325199},"rotation":{"x":0.15290333330631257,"y":0.2928590774536133,"z":-0.04750413820147514,"w":0.9426849484443665},"size":25.62333106994629,"orthographic":false}