{"cameraMode":{"drawMode":0,"name":"Shaded","section":"Shading Mode"},"sceneLighting":false,"audioPlay":false,"sceneViewState":{"m_AlwaysRefresh":false,"showFog":true,"showSkybox":true,"showFlares":true,"showImageEffects":true,"showParticleSystems":true,"showVisualEffectGraphs":true,"m_FxEnabled":true},"in2DMode":false,"pivot":{"x":6.3825836181640629,"y":4.515659332275391,"z":64.20762634277344},"rotation":{"x":0.11407149583101273,"y":0.12246718257665634,"z":-0.014170835725963116,"w":0.9858182668685913},"size":47.80006790161133,"orthographic":false}