{"cameraMode":{"drawMode":0,"name":"Shaded","section":"Shading Mode"},"sceneLighting":false,"audioPlay":false,"sceneViewState":{"m_AlwaysRefresh":false,"showFog":true,"showSkybox":true,"showFlares":true,"showImageEffects":true,"showParticleSystems":true,"showVisualEffectGraphs":true,"m_FxEnabled":true},"in2DMode":false,"pivot":{"x":-34.7557258605957,"y":3.2123820781707765,"z":-126.23760223388672},"rotation":{"x":0.04078799858689308,"y":-0.011947687715291977,"z":0.0006601166678592563,"w":0.9992080330848694},"size":11.390803337097168,"orthographic":false}