{"cameraMode":{"drawMode":0,"name":"Shaded","section":"Shading Mode"},"sceneLighting":false,"audioPlay":false,"sceneViewState":{"m_AlwaysRefresh":false,"showFog":true,"showSkybox":false,"showFlares":true,"showImageEffects":true,"showParticleSystems":true,"showVisualEffectGraphs":true,"m_FxEnabled":true},"in2DMode":false,"pivot":{"x":-143.12669372558595,"y":87.38313293457031,"z":157.83053588867188},"rotation":{"x":0.07191680371761322,"y":-0.025121096521615983,"z":0.0018056439002975822,"w":0.9971161484718323},"size":511.6404113769531,"orthographic":false}